SlNo,CustomerName,Region,TINR,IU,HasComplaints
1,Qpower ,EXP,600,1,0
2,PGCIL KOLAR,RN,800,0,0
3,Qpower bank -Amendment,RN,323,1,0
4,Simhapuri FerroAlloys,RS,509,1,0
5,Easen Reyrolle Limited a/C CSPTCL,RS,1456,0,0
6,Easen Reyrolle Limited a/C CSPTCL,RE,2912,0,0
7,EPCOS a/c HVPNL,RW,5940,0,0
8,EPCOS a/c HVPNL,RW,5940,0,0
9,EPCOS a/c HVPNL,RW,6480,0,0
10,ABB CANADA,EXP,2668,1,0
11,ABB AUSTRALIA,EXP,33.78,1,0
12,Jindal Stainless Limited,IDTO,1849,1,1
13,ABB CANADA,EXP,1115,1,0
14,Tata Steel,RE,145.2,1,0
15,Tata Steel,RE,193.6,1,0
16,ABB CANADA,EXP,157.9,1,0
17,ABB CANADA,EXP,301.72,1,0
18,SKS BUILDTECH,RN,1280,0,0
19,ABB AUSTRALIA,EXP,20.76,1,0
20,SAMHITA TECHNOLOGIES,RN,81,1,0
21,SUN COMPUTECH,RN,24.54,1,0
22,SPECTRUM CONSULTANTS,RS,24.8,0,0
23,KSEB,RS,430.5,0,0
24,SS ENTERPRISE,RE,100.98,0,0
25,HINDALCO INDUSTRIES,RN,216.42,1,0
26,QUALITY POWER,RW,587.73,1,0
27,ABB LTD A/C LT CAPACITORS A/C KALYANI GARUDA,RS,1383.69,1,0
28,OVAC SWITCHGEAR SERVICES PVT LTD,RS,197.5,1,0
29,ABB LTD A/C LT CAPACITORS,IDTO,1000,1,0
30,ABB AUSTRALIA,EXP,23,1,0
31,QUALITY POWER,RW,130.68,1,0
32,ADITYA BIRLA INDIAN RAYON,RW,298,1,0
33,GRAPHITE INDIA LIMITED,RW,130.56,1,0
34,QUALITY POWER,RW,813.96,1,0
35,ABB CANADA,EXP,39.89,1,0
36,QUALITY POWER,RW,497.72,1,0
37,JARVIS,RS,315,1,0
38,CABCHEM A/C MSETCL,RW,2800,0,0
39,Quality POWER A/c Railways A/c Loose units with fuses,RW,12134,1,0
40,ABB Limited A/c LT Caps A/c Kalyani Garuda,IDTO,1181,1,0
41,ABB AUSTRALIA,EXP,50.6,1,0
42,ABB AUSTRALIA,EXP,31,1,0
43,ABB CANADA,EXP,379.48,1,0
44,ETA ENGINEERS A/C KPTCL,RS,430,0,1
45,Quality POWER A/c Railways Amendment,RW,4372,1,0
46,QUALITY POWER,RW,2139,1,0
47,JINDAL STRUCTURES LIMITED A/C CSPTCL,RN,4660,0,1
48,KSEB,RS,128,0,0
49,JYOTI LIMITED,RW,223,0,0
50,SPECTRUM CONSULTANTS,RS,48.4,0,0
51,KSEB,RS,123,0,0
52,ABB LTD A/C PA A/C VSP,IDTO,59.71,1,0
53,EPCOS a/c HVPNL,RW,5184,0,0
54,SPECTRUM CONSULTANTS,RS,560,0,0
55,Trading Engineers,RN,1275,0,0
56,ABB AUSTRALIA,EXP,224,1,0
57,ABB LTD A/C PA A/C DUNGSUM CEMENT,IDTO,250,1,0
58,ABB LTD A/C PA A/C VSP,IDTO,202,1,0
59,Jindal Stainless Limited,RE,738,1,1
60,TAMIL NADU GEN & DIS CO LTD,RC,168,0,1
61,TAMIL NADU GEN & DIS CO LTD,RC,151,0,1
62,TAMIL NADU GEN & DIS CO LTD,RC,75.6,0,1
63,SPECTRUM CONSULTANTS,RS,217,0,0
64,SPECTRUM CONSULTANTS,RS,277,0,0
65,BS TRANSCOM LIMITED,RS,1605,0,0
66,NARESH AGARWAL CONSTRUCTIONS PVT LTD,RN,1270,0,0
67,NIKUM INDUCTION PVT LTD,RN,742,1,0
68,ABB CANADA,EXP,148,1,0
69,ABB CANADA,EXP,672,1,0
70,VEE VEE CONTROLS,RS,36,1,0
71,SPECTRUM CONSULTANTS,RS,45.98,1,0
72,NIKET UDYOG,RE,25.6,1,0
73,ABB CANADA,EXP,142,1,0
74,HARIKA AGENCIES,RS,122,1,0
75,ABB CANADA,EXP,664,1,0
76,ABB TURKEY,EXP,127,1,0
77,DRUK WANG ALLOYS,EXP,126,1,0
78,ABB AUSTRALIA,EXP,37.95,1,0
79,TAMIL NADU GEN & DIS CO LTD,RC,148.4,0,1
80,INNOTECH A/C APTRANSCO,RS,324.67,0,1
81,SIEMENS A/C ROHIT FERRO,RE,5678,1,0
82,ABB AUSTRALIA,EXP,27,1,0
83,ABB SWEDEN,EXP,207,1,0
84,ABB CANADA,EXP,41,1,0
85,Bharat Electricals,RW,1327,0,0
86,Sharavathy Conductors,RS,1825,0,0
87,PSTCL,RN,52767,0,0
88,Swastik engineers,RN,508,1,0
89,Gangavaram Port,RS,69,1,0
90,ABB Bangladesh A/C MAGNUM STEELS,EXP,189,1,0
91,Powergear,RC,55.15,1,0
92,INNOTECH A/C APTRANSCO,RS,306,0,1
93,SIEMENS A/C BALIPARA,RN,625,0,0
94,ABB LIMITED A/C PTPS A/C ISOLUX A/C UPPTCL,IDTO,630,0,0
95,ALSTHOM A/C HINDALCO ADITYA,RN,385,1,0
96,SPECTRUM CONSULTANTS,RS,45.98,0,0
97,SPECTRUM CONSULTANTS,RS,49.6,0,0
98,QUALITY POWER,RW,760,1,0
99,ABB CANADA,EXP,883,1,0
100,ABB AUSTRALIA,EXP,36.86,1,0
101,ABB AUSTRALIA,EXP,51.58,1,0
102,ABB AUSTRALIA,EXP,54.75,1,0
103,ABB AUSTRALIA,EXP,91.71,1,0
104,ABB AUSTRALIA,EXP,66.7,1,0
105,ABB AUSTRALIA,EXP,20.56,1,0
106,SIGMA A/C RAILWAYS,RE,1110,0,0
107,Shree Nursingsahay Mudungopal Engg Pvt Ltd,RN,235,1,0
108,ABB CANADA,EXP,744,1,0
109,ABB CANADA,EXP,44.8,1,0
110,ABB AUSTRALIA,EXP,78,1,0
111,ABB AUSTRALIA,EXP,116.82,1,0
112,SPECTRUM CONSULTANTS,RS,39.6,0,0
113,SPECTRUM CONSULTANTS,RS,261,0,0
114,SIMARTECH PROJECTS,RN,23.5,1,0
115,ABB LTD A/C PPHV-SER A/C KHYBER INDUSTRIES,RW,118.34,1,0
116,Quality POWER A/c Railways A/c Loose units with fuses Amendment,RW,3923,1,0
117,BS TRANSCOM LIMITED A/C MPPTCL,RS,9292,0,0
118,ALSTOM T&D A/C PGCIL CHAMPA,RN,221995,0,0
119,ALSTOM T&D A/C PGCIL KURUKSHETA,RN,226450,0,0
120,SGS,RN,1296,1,0
121,INELEC,RS,815.46,1,0
122,ABB LIMITED A/C ATPA A/C RECTIFIERS A/C NUBERG,IDTO,4800,1,0
123,Bharat Electricals A/c getco,RW,60,0,1
124,SS ENTERPRISE,RE,244.8,0,0
125,ABB CANADA,EXP,415.64,1,0
126,ABB CANADA,EXP,46.12,1,0
127,ABB AUSTRALIA,EXP,434,1,0
128,ABB AUSTRALIA,EXP,139.27,1,0
129,ABB AUSTRALIA,EXP,134.99,1,0
130,ABB AUSTRALIA,EXP,307.35,1,0
131,Angelique International Limited a/c Laos,RN,740,1,1
132,Micron Electricals A/C KPTCL,RS,315,0,1
133,Micron Electricals A/C KPTCL,RS,630,0,1
134,INELEC,RS,725,1,0
135,"Powergrid Pisauli,BIHAR",RE,1460,0,1
136,Quality Power,RW,1437,1,0
137,ABB CANADA,EXP,508,1,0
138,ABB AUSTRALIA,EXP,103,1,0
139,ABB AUSTRALIA,EXP,33.36,1,0
140,L&T SPECIAL STEELS & HEAVY FORGING PVT LTD,RW,165,1,0
141,SPECTRUM CONSULTANTS,RS,158.4,0,0
142,OVAC SWITCHGEAR SERVICES PVT LTD,RS,26.2,0,0
143,Reliance Industries Limited,RW,2011,1,1
144,QUALITY POWER ENGINEERING PVT LTD,RW,453,1,0
145,INNOTECH A/C APTRANSCO,RW,316,0,1
146,QUALITY POWER ENGINEERING PVT LTD,RW,229.5,1,0
147,BPCL,RW,36,1,1
148,VEE VEE CONTROLS,RS,82.5,1,0
149,CENTRAL ENGINEERING COMPANY,RE,43.56,1,0
150,OVAC SWITCHGEAR SERVICES PVT LTD,RW,39.5,1,0
151,POPULAR SWITCHGEAR A/C MSETCL,RW,1260,0,0
152,ABB CANADA,EXP,543.58,1,0
153,ABB CANADA,EXP,893,1,0
154,ABB AUSTRALIA,EXP,29.86,1,0
155,ABB AUSTRALIA,EXP,29.86,1,0
156,ABB AUSTRALIA,EXP,40.72,1,0
157,ABB SWEDEN,EXP,110.27,1,0
158,POWERGEAR,RS,69.83,1,0
159,HAROLD INDUSTRIES PVT LTD,RC,42.2,1,0
160,CAPITAL ELECTRIC A/C UPPTCL,RN,5742,0,0
161,INELEC,RS,1596,1,0
162,SPECTRUM CONSULTANTS,RS,540,0,0
163,ABB CANADA,EXP,444.57,1,0
164,ILFS A/C HVPNL,RN,5700,0,0
165,GETCO,RW,33833,0,0
166,ABB AUSTRALIA,EXP,64.8,1,0
167,ABB AUSTRALIA,EXP,54.89,1,0
168,SAFETY CONTROLS A/C UPPTCL,RN,13000,0,0
169,RC Automation,RW,450,1,1
170,QUALITY POWER ENGINEERING PVT LTD,RW,99,1,0
171,BINANI ZINC LIMITED,RS,55,1,0
172,ABB AUSTRALIA,EXP,460.76,1,0
173,ABB AUSTRALIA,EXP,183.31,1,0
174,ABB AUSTRALIA,EXP,43.93,1,0
175,SPECTRUM CONSULTANTS,RS,158.4,0,0
176,SKILL TECH A/C KPTCL,RS,350,0,1
177,ABB AUSTRALIA,EXP,285,1,0
178,KEC A/C LAOS,RW,2267,1,0
179,INELEC,RS,4539,1,0
180,ABB LIMITED A/C ATPA A/C RECTIFIERS A/C NUBERG,IDTO,600,1,0
181,SPECTRUM CONSULTANTS,RS,92,0,0
182,SPECTRUM CONSULTANTS,RS,158,0,0
183,SPECTRUM CONSULTANTS,RS,198,0,0
184,ENZEN GLOBAL SOLUTIONS PVT LTD,RS,1575,0,0
185,ABB CANADA,EXP,442.33,1,0
186,ABB CANADA,EXP,1293.82,1,0
187,ABB AUSTRALIA,EXP,37.74,1,0
188,ABB AUSTRALIA,EXP,22.89,1,0
189,Trading Engineers,RN,700,0,0
190,SIEMENS A/C PGCB BHERMARA,RN,806.6,0,0
191,TATA HALDIA,RE,3448,1,0
192,HARIKA AGENCIES,RS,261,1,0
193,SIEMENS A/C PGCB BHERMARA,RN,806.6,0,0
194,ABB CANADA,EXP,808,1,0
195,INELEC,RS,127.68,1,0
196,ABB CANADA,EXP,1293.3,1,0
197,INNOTECH A/C APTRANSCO,RN,137.86,0,1
198,ABB SWEDEN,EXP,52.62,0,0
199,ABB CANADA,EXP,1713,1,0
200,ABB BAngladesh A/C ENERGYPAC,EXP,460.51,1,0
201,ABB LIMITED A/C PPHVS,IDTO,34.5,1,0
202,QUALITY POWER ENGINEERING PVT LTD,RW,30.21,1,0
203,Tejaswini Electrical A/C KPTCL,RS,350,0,1
204,Siemens A/c Bhermara,RN,231,0,0
205,Quality Power A/c Bedas & Meram,RW,25156,0,0
206,ABB LTD A/C PA A/C TATA JODA,IDTO,42.5,1,1
207,ABB LTD A/C PA A/C lafarge ,IDTO,8.4,1,0
208,ABB LTD A/C PPHVS A/C WBSETCL,IDTO,172.15,1,0
209,ABB CANADA,EXP,906.82,1,0
210,ABB CANADA,EXP,322.44,1,0
211,ABB CANADA,EXP,149.24,1,0
212,ABB AUSTRALIA,EXP,64.92,1,0
213,ABB AUSTRALIA,EXP,47.17,1,0
214,ABB LTD A/C PPHVS A/C WBSETCL,IDTO,901,0,0
215,Vimal Engineers and Contractors,RN,114,1,0
216,Jarvis Systems,RS,56.7,0,0
217,ABB LTD A/C DMMG-HV MACHINES,IDTO,632.5,1,0
218,Lectronics A/c Central Railways,RE,220,0,0
219,ABB BULGARIA,EXP,103.6,1,1
220,INELEC ENGINEERS,RS,247,1,0
221,QUALITY POWER ENGINEERING PVT LTD,RW,300,1,0
222,BALAKRISHNA INDUSTRIES LIMITED,RN,462,1,0
223,ALLIED STRIPS LIMITED,RN,250,1,0
224,ABB INDIA LTD - PS HVDC Sys,IDTO,16000,0,0
225,Qpower ,RW,600,1,0
226,Highvolt Power & Control Systems Pvt Ltd,RW,317.69,1,0
227,ABB INDIA LTD - PS HVDC Sys,RW,6563,0,0
228,Integrated Power,RW,25,1,0
229,HAZIRA LNG PVT LTD,RW,45.96,1,0
230,RCF,RW,235,1,0
231,RELIANCE INDUSTRIES LIMITED,RW,1908,1,1
232,RELIANCE INDUSTRIES LIMITED,RW,2601,1,1
233,Goa Glass Fibre,RW,60,1,0
234,GAIL ,RW,69.3,1,0
235,ULTRATECH CEMENT LTD,RW,541,1,1
236,RAYCHEM RPG (P) LTD,RW,3790,1,0
237,QUALITY POWER A/C NECCO JAISWAL,RW,10500,1,0
238,QUALITY POWER ,RW,2450,1,0
239,Electrotherm,RW,1260,1,0
240,QUALITY POWER,RW,1880,1,0
241,RAJ ENTERPRISES,RW,112.2,1,0
242,HINDALCO MAHAN,RW,496,1,0
243,EMCO A/C HVPNL,RW,178.75,0,0
244,RCF,RW,975.09,1,0
245,ELECTROTHERM,RW,400,1,0
246,ELECTROSERVICES,RW,59.9,1,0
247,RELIANCE INDUSTRIES LIMITED,RW,617.4,1,1
248,PGCIL BHADRAVATI,RW,177.57,0,0
249,THYSSENKRUPP,RW,65,1,1
250,ARVEE ELECTRICALS AND ENGINEERS PVT LTD,RW,2400,1,0
251,ELECTROTHERM INDIA LIMITED,RW,327,1,0
252,QUALITY POWER,RW,526.17,1,0
253,QUALITY POWER,RW,3600,1,0
254,L&T CONSTRUCTION,RW,4882,1,0
255,TOYO ENGINEERING INDIA LIMITED,RW,2425,1,0
256,Qpower A/c JSPL Oman,RW,1421.34,1,0
257,Inelec,RS,188.4,1,0
258,ABB INDIA LIMITED A/C LT CAPACITORS A/C ARORA STEEL,IDTO,1419,1,0
259,AIRLIQUIDE PVT LTD,EXW,134.39,1,0
260,ISGEC ,EXW,950,1,0
261,ABB SWITZERLAND,EXP,1138,1,0
262,Resonance Power Systems Pvt Ltd,RW,63,1,0
263,JSW Steel Limited,RS,52.44,1,0
264,ALSTOM T&D INDIA LIMITED,RN,1702.4,1,0
265,ABB BRAZIL,EXP,28.44,1,0
266,ABB BRAZIL,EXP,3129.46,1,0
267,ABB BRAZIL,EXP,1235.46,1,0
268,ABB CANADA,EXP,42.15,1,0
269,ABB SWEDEN,EXP,160.83,1,0
270,KSEB KANNUR,RS,1364,0,0
271,ULTRATECH CEMENT,RW,650,1,1
272,SHREE CEMENT,RN,1206,1,0
273,SHREE CEMENT,RN,469,1,0
274,ABB SWEDEN,EXP,394.5,1,0
275,PGCIL RIHAND,RN,610,0,0
276,ABB CANADA,EXP,435.69,1,0
277,ABB SWEDEN,EXP,792.15,1,0
278,ABB SWEDEN,EXP,92.74,1,0
279,ABB SWEDEN,EXP,394.5,1,0
280,INELEC,RS,49.5,1,0
281,SPECTRUM,RS,26,0,0
282,INNOVATIVE,RW,336,1,0
283,NIE,RS,125,1,0
284,ABB SOUTH AFRICA,EXP,2953,0,0
285,QUALITY POWER,RW,75,1,0
286,SHREE CEMENT,RN,308,1,0
287,ABB INDIA LIMITED A/C PPHVS A/C JSPL BARBIL,IDTO,46,1,0
288,ABB INDIA LIMITED A/C PPHVS A/C GSFC,IDTO,983,1,0
289,JSW Steel Limited,RS,2274.5,1,0
290,TEJASWINI ELECTRICALS,RS,760,0,0
291,NAVYUG ENTERPRISE,RN,140,1,0
292,ABB SOUTH AFRICA,EXP,132,1,0
293,JSW Steel Limited,RS,610,1,0
294,ABB SWITZERLAND,EXP,1129,1,0
295,ABB SWITZERLAND,EXP,3565,1,0
296,INELEC,RS,642.49,1,0
297,INELEC,RS,41.55,1,0
298,ABB CANADA,EXP,845.56,1,0
299,ABB CANADA,EXP,254.85,1,0
300,ABB CANADA,EXP,1399,1,0
301,PME,RN,3500,0,0
302,ABB SOUTH AFRICA,EXP,132,1,0
303,ABB SOUTH AFRICA,EXP,2452,1,0
304,ABB CANADA,EXP,2414,1,0
305,ABB CANADA,EXP,1008,1,0
306,ANAND UTILITIES,RE,126.8,0,0
307,CALCOM CEMENT,RE,60,1,0
308,ABB INDONESIA,EXP,4075,1,0
309,ABB BRAZIL,EXP,1554.98,1,0
310,A2Z INFRA ENGINEERING LIMITED A/C MESCOM,RN,764.19,0,0
311,MEGHA SALES A/C PTCUL,RN,57,0,0
312,ABB UNITED KINGDOM,EXP,161,1,0
313,ABB UNITED KINGDOM,EXP,48.1,1,0
314,TATA POWER,RW,230,0,1
315,INNOTECH,RS,1151,1,1
316,INNOTECH,RS,1192,1,1
317,ABB SOUTH AFRICA,EXP,815.94,1,0
318,SONI ELECTRICAL & ELECTRONICS,RN,34,1,0
319,TAYO ROLLS LIMITED,RE,115.8,1,0
320,ABB AUSTRALIA,EXP,61.54,1,0
321,ABB CANADA,EXP,2338,1,0
322,ABB CANADA,EXP,1474,1,0
323,ABB CANADA,EXP,1390,1,0
324,ETA ENGINEERS,RS,235,0,0
325,ULTRATECH CEMENT,RS,275,1,1
326,ABB LIMITED A/C HV MACHINES,IDTO,21,1,0
327,RELIANCE INDUSTRIES LIMITED,RW,4000,1,1
328,ABB INDONESIA,EXP,0.5,1,0
329,ABB CANADA,EXP,2601,1,0
330,ABB CANADA,EXP,28.74,1,0
331,ABB CANADA,EXP,22.65,1,0
332,ABB SWEDEN,EXP,290.68,1,0
333,HOGANAS INDIA PVT LIMITED,RW,74.1,1,0
334,MICRO SYSTEMS,RW,992,1,0
335,FEDDERS LLOYD A/C UPCL,RN,22090,0,1
336,DIGI DRIVES,RN,562,1,0
337,ABB HELSINKI,EXP,216,1,0
338,ABB SWEDEN,EXP,301,1,0
339,BGR ENERGY a/C TNEB,RC,15284,0,0
340,ABB SOUTH AFRICA,EXP,124,1,0
341,ABB SOUTH AFRICA,EXP,1158,1,0
342,INELEC,RS,304,1,0
343,ABB UNITED KINGDOM,EXP,34.46,1,0
344,CRBORUNDUM,RS,2400,1,0
345,ABB SOUTH AFRICA,EXP,887.73,1,0
346,APOLLO,RC,5050,1,0
347,ANAND UTILITIES,RE,269.9,0,0
348,ANAND UTILITIES,RE,211.24,0,0
349,HAZIRA LNG PVT LTD,RW,42,1,0
350,MANGALAM ELECTRICALS,RN,53.46,1,0
351,EMCO A/C HVPNL,RW,768,0,0
352,ELECTROTHERM,RW,76.65,1,0
353,ALSTHOM T&D INDIA LIMITED,RN,2346,0,0
354,ABB SOUTH AFRICA,EXP,1158,1,0
355,BPCL,RS,88493,1,1
356,BPCL,RS,8158,1,1
357,EASTERN TRADE & AGENCIES,RE,46.15,1,0
358,ABB Elektrik Sanayi A S Istanbul - Turkey,EXP,2520,1,1
359,AB Power System,RW,195,1,0
360,Bus Bar Systems,RS,279,1,0
361,Inelec,RS,22.8,1,0
362,"ABB Oy, Finland",EXP,216.7,1,0
363,KSEB Kalamassery,RS,315.6,1,0
364,VIZAG STEEL PLANT,RS,795,1,0
365,SHRIRAM EPC LIMITED,RC,810,1,0
366,MEGHA ENGINEERING,RS,359,1,0
367,GLOBUS INTERNATIONAL PVT LIMITED,RW,134,1,0
368,JBF PETROCHEMICALS LTD,RW,4206,1,0
369,ABB SWITZERLAND,EXP,3454,1,0
370,QUALITY POWER,RW,485,1,0
371,HINDUSTAN ZINC,RN,192,1,1
372,ABB CANADA,EXP,629.85,1,0
373,ABB AUSTRALIA,EXP,39,1,0
374,NK Power & Infrastructure ,RE,1976,0,0
375,Bharat Electrical - KPTCL,RW,792,0,1
376,Sanjay Technical,RS,430,1,0
377,IDTO - DM Service,IDTO,551,1,0
378,ABB Egypt,EXP,147,1,0
379,ABB - Bangladesh,EXP,239,1,0
380,ABB - South Africa,EXP,187,1,0
381,Essar Steel India Ltd,RW,606,1,0
382,Jarvis,RS,113,1,0
383,ABB - DM rectifiers - Nuberg,IDTO,6500,1,0
384,FLS - Sarbottom - Nepal,RC,452,1,0
385,IDTO - PPMV,IDTO,86,1,0
386,WBSETCL- Howrah,RE,1781,0,0
387,QUALITY POWER - Dikle,RW,6657,1,0
388,BHEL - Rudrapur,RN,1410,0,0
389,ABB - Hungary,EXP,429.42,1,0
390,ABB AUSTRALIA,EXP,26,1,0
391,ABB SWEDEN,EXP,82,1,0
392,ABB CHINA,EXP,30,1,0
393,SPECTRUM,RS,442.5,0,0
394,SPECTRUM,RS,26.5,0,0
395,KSEB ,RS,317.5,0,0
396,HINDALCO,RN,356.73,1,0
397,DIGI DRIVES,RN,188,1,0
398,ABB - DM rectifiers - Jayashree,IDTO,3000,1,0
399,TBEA A/C AMTEK A/C HVPNL,RN,9814,0,0
400,PRAXAIR,RS,20.6,1,0
401,NIKUM,RN,600,1,0
402,TATA STEEL,RE,575,1,0
403,INELEC,RS,259,1,0
404,ABB UNITED KINGDOM,EXP,89.65,1,0
405,ABB A/C LT CAPACITORS A/C JBF,IDTO,850,1,0
406,INDUSTRIAL IT SOLUTIONS,RN,196.8,1,0
407,LECON ENERGETICS,RS,61.2,1,0
408,ABB - South Africa,EXP,72.41,1,0
409,TBEA A/C AMTEK A/C HVPNL,RN,1885,0,0
410,ABB PT SAKTI INDONESIA,EXP,176,1,0
411,ABB - South Africa,EXP,44.97,1,0
412,ABB - South Africa,EXP,71.81,1,0
413,ABB LIMITED A/C PS-SERVICE,IDTO,450,1,0
414,INNOTECH,RS,924,1,1
415,ANGELIQUE,RN,4990,1,1
416,POWERGEAR LIMITED,RC,30,1,0
417,ABB CANADA,EXP,1507,1,0
418,JINDAL STEEL & POWER LIMITED,RE,4008,1,1
419,SS ENTERPRISE A/C WBSETCL,RE,122.4,0,0
420,ABB MEXICO,EXP,17.5,1,0
421,RSAL STEEL PVT LIMITED,RW,16.2,1,0
422,INELEC,RS,18,1,0
423,ENARAYANA ELEX INDIA PVT LTD,RS,35,1,0
424,SONAR BANGLA CEMENT,RE,148.41,1,0
425,TOYOTA KIRLOSKAR MOTOR PVT LIMITED,RS,232.75,1,0
426,ABB SOUTH AFRICA A/C APFC,EXP,32590,1,0
427,HIGHVOLT POWER A/C LNT CHENNAI A/C SAUNI WATER PACKAGE,RW,12545,0,0
428,SPECTRUM,RS,540,0,0
429,WBSETCL- Barasat,RE,1528,0,0
430,ABB LIMITED A/C PSDS,IDTO,577,0,0
431,ABB LIMITED A/C PPHVS A/C JSPL BARBIL,IDTO,181,1,0
432,ABB CANADA,EXP,809,1,0
433,ABB SRILANKA,EXP,717,1,0
434,ABB CHINA,EXP,55.97,1,0
435,MICROSYS CONTROLS INDIA,RN,180,1,0
436,SPECTRUM CONSULTANTS,RS,43.5,0,0
437,NATIONAL INSTITUTE OF OCEAN TECHNOLOGY,RC,29.5,1,0
438,AB POWER SYSTEM SOLUTION,RW,69.67,1,0
439,ABB SOUTH AFRICA,EXP,153,1,0
440,ABB PT SAKTI INDONESIA,EXP,380.67,1,0
441,ABB TURKEY,EXP,500,1,0
442,ABB LIMITED A/C PPTR,IDTO,540,1,0
443,ABB BANGLADESH,EXP,327,1,0
444,SHREE CEMENT,RE,400,1,0
445,HAZIRA LNG PVT LTD,RW,44.82,1,0
446,THYSSENKRUPP A/C ADANI,RW,2100,1,1
447,JYOTI LIMITED A/C SAUNI WATER PACKAGE,RW,8624,1,0
448,JYOTI LIMITED A/C SAUNI WATER PACKAGE,RW,8624,1,0
449,ABB SWEDEN A/C BISWAJIT,EXP,2073,1,0
450,ABB LIMITED A/C LT CAPACITOR,IDTO,338.47,1,0
451,ABB RUSSIA,EXP,4039,1,0
452,POWERTECH ENGINEERS A/C PVVNL,RN,2844,0,0
453,KANTI PRASAD MITTAL A/C PVVNL,RN,1422,0,0
454,KANTI PRASAD MITTAL A/C PVVNL,RN,1800,0,0
455,ABB SWITZERLAND,EXP,3541,1,0
456,RC AUTOMATION,RW,285,1,1
457,ABB CANADA,EXP,2069,1,0
458,ABB CANADA,EXP,31.14,1,0
459,HINDALCO,RN,79.99,1,0
460,VAMAN AUTOMATION,RC,273,1,0
461,SPECTRUM,RS,27.5,0,0
462,INELEC,RS,259,1,0
463,ABB SOUTH AFRICA,EXP,33.74,1,0
464,HUMBOLDT WEDAG INDIA PVT LTD,RN,807,1,0
465,ABB LIMITED A/C LT CAPACITOR,IDTO,267.59,1,0
466,ABB LIMITED A/C PSDS A/C NIRMA,IDTO,3070,1,1
467,TATA STEEL JODA,RE,427.98,1,0
468,ABB BRAZIL,EXP,25.92,1,0
469,ABB CANADA,EXP,35.76,1,0
470,ABB TURKEY,EXP,67.89,1,0
471,ABB AUSTRALIA,EXP,85.84,1,0
472,BS LIMITED,RS,18.5,0,0
473,SPECTRUM,RS,50.8,0,0
474,MESETCL SOLAPUR,RW,129,0,0
475,CENTRAL ENGINEERING CO,RE,206,1,0
476,RELIANCE INDUSTRIES LIMITED,RW,228,1,1
477,INELEC,RS,238.64,0,0
478,ENERGYPAC  A/C BREB,EXP,1810,1,0
479,MUKAND LIMITED,RW,477.78,1,0
480,ABB CANADA,EXP,4797.29,1,0
481,RELIANCE ELECTRIK WORKS A/C PVVNL,RN,8700,0,1
482,ABB LIMITED A/C PA-MM A/C HOGANAS MINES,IDTO,1008,1,0
483,ABB LIMITED A/C PS-DS A/C TPDDL DHEERPUR,IDTO,5300,0,1
485,ABB SOUTH AFRICA,EXP,148.46,1,0
486,ABB LIMITED A/C PA-MM A/C ARABIAN GULF CEMENT,IDTO,960,1,0
487,PROMAC ENGINEERING INDUSTRIES,RS,880,1,0
488,TRISQUARE SWITCHGEARS,RN,551,1,0
489,ABB SOUTH AFRICA,EXP,977.86,1,0
490,ABB SOUTH AFRICA,EXP,294.75,1,0
491,Bus Bar Systems,RS,65.4,1,0
492,ABB CANADA,EXP,37.8,1,0
493,POWER & PACK SOLUTIONS,RS,35.2,1,0
494,VEE VEE CONTROLS,RS,100.53,1,0
495,QUALITY POWER,RW,387.6,1,0
496,ABB LIMITED A/C LT CAPACITOR,IDTO,194.2,1,0
497,SGS,RN,2000,1,0
498,ABB CANADA,EXP,629,1,0
499,AB POWER SYSTEM SOLUTION,RW,100,1,0
500,ABB TURKEY,EXP,223,1,0
502,ABB LIMITED A/C AP A/C TATA KPO,IDTO,879.75,1,0
503,ABB LIMITED A/C PS A/C NEA AGRA,IDTO,2575,0,0
504,CHETTINAD CEMENT,RC,400.8,1,0
505,ABHINAV ENTERPRISES,RW,585,1,1
506,YOGIRAJ POWERTECH PVT LIMITED,RW,8798,1,0
507,YOGIRAJ POWERTECH PVT LIMITED,RW,8701,1,0
508,ABB CANADA,EXP,408,1,0
509,ABB LIMITED A/C PPTR,IDTO,4443.75,1,0
510,SYSELEC TTECHNOLOGIES PVT LTD,RW,1620,0,0
511,SIEMENS A/C TATA KALINGANAGAR,RN,836.53,1,0
512,SPECTRUM,RS,55,0,0
513,KAYDEE ENGINEERS,RN,27.75,1,0
514,GANGAVARAM PORT LIMITED,RS,33.66,1,0
515,GANGAVARAM PORT LIMITED,RS,54,1,0
516,HIVOLT POWER & CONTROL SYSTEMS PVT LTD,RW,295,1,0
517,ANIL ELECTRICALS JAIPUR,RN,45,1,0
518,NISH TECHNO PROJECTS PVT LIMITED A/C SAUNI PACKAGE,RW,7500,1,0
519,SIEMENS A/C PGCIL KALA,RN,88318,0,0
520,INNOTECH,RS,1107,1,1
521,ABB LIMITED A/C PA A/C TATA KALINGANAGAR,IDTO,80,1,0
522,ABB LIMITED A/C PA A/C TATA KALINGANAGAR,IDTO,3336,1,0
523,ABB LIMITED A/C PA A/C ABUL KHAIR,IDTO,435.82,1,0
524,PGCIL HVDC TALCHER,RE,1265.4,0,0
525,ABB SWITZERLAND,EXP,90,1,0
526,"DIMO PRIVATE LIMITED, SRILANKA",EXP,650,1,0
527,ABB LIMITED A/C PPHVS A/C USHA MARTIN,IDTO,423.75,1,0
528,SUBTLEWEIGH ELECTRIC PVT LIMITED,RE,2600,1,0
529,ISAT NETWORK ENGINEERS P LIMITED,RN,6410,1,0
530,ABB CANADA,EXP,629,1,0
531,SAMHITA TECHNOLOGIES,RN,82,1,0
532,POWERGRID CORPORATION OF INDIA,RW,632,0,1
533,ABB LIMITED A/C PS A/C CEB,IDTO,367.5,0,0
534,ABB SOUTH AFRICA,EXP,46.69,1,0
535,ABB SWITZERLAND,EXP,3605,1,0
536,ABB SWITZERLAND,EXP,58.45,1,0
537,ABB HUNGARY,EXP,1676.74,1,0
538,ABB HUNGARY,EXP,148.18,1,0
539,ABB TURKEY,EXP,194.84,1,0
540,ABB EGYPT,EXP,178.61,1,0
541,GRAPHITE INDIA LIMITED,RE,319.3,1,0
542,SPECTRUM CONSULTANTS,RS,127.5,0,0
543,ABB LIMITED A/C PPHVS A/C RAJASTHAN TEXTILE MILLS,IDTO,1092,1,0
544,QUALITY POWER,RW,40.74,1,0
545,NIKUM,RN,600,1,0
546,SPECTRUM,RS,534,0,0
547,SPECTRUM,RS,43.5,0,0
548,ABB SOUTH AFRICA,EXP,197.45,1,0
549,ABB SOUTH AFRICA,EXP,158.46,1,0
550,ABB SOUTH AFRICA,EXP,28.64,1,0
551,ABB SOUTH AFRICA,EXP,198,1,0
552,ABB SOUTH AFRICA,EXP,28.66,1,0
553,ABB SOUTH AFRICA,EXP,1430.78,1,0
554,ABB SOUTH AFRICA,EXP,25.67,1,0
555,ABB SOUTH AFRICA,EXP,798.78,1,0
556,ABB CANADA,EXP,1432.83,1,0
557,OMEGA,RS,19.5,1,0
558,ULTRATECH CEMENT,RS,350,1,1
559,ABB SOUTH AFRICA,EXP,377.58,1,0
560,ABB SWITZERLAND,EXP,1360.39,1,0
561,LECON ENERGETICS,RS,20.4,1,0
562,INELEC ENGINEERS ,RS,517.63,1,0
563,SAMAHITA TECHNOLOGIES,RN,105,1,0
564,SPECTRUM CONSULTANTS,RS,27.5,0,0
565,SPECTRUM CONSULTANTS,RS,95,0,0
566,ENERGYPAC  BANGLADESH,EXP,1050,0,0
567,INDUSTRIAL CONTROL SYSTEM,RN,838.45,1,0
568,KSEB,RS,780,0,0
569,ABB TURKEY,EXP,148,1,0
570,ABB LIMITED A/C LT CAPACITOR,RS,76.8,1,0
571,ABB LIMITED A/C PS-HVDC A/C NEA,IDTO,1379,0,0
572,ELECTROSTEEL LIMITED,RE,1536.43,1,0
573,ORIENT CEMENT,RS,128.92,1,0
574,SRIVARI AGENCIES,RC,50.54,1,0
575,CHENNAI PETROLEUM CORPORATION,RC,126,1,0
576,HYUNDAI MOTOR INDIA LIMITED,RC,421,1,0
577,AVONE SYSTEM AND CONTROLS,RN,530,1,0
578,ABHINAV ENTERPRISES,RW,2750,1,1
579,ABB SOUTH AFRICA,EXP,639.26,1,0
580,ABB SOUTH AFRICA,EXP,467.61,1,0
581,"POWERGRID CORPORATION OF INDIA, PUSAULI",RE,1030,0,1
582,GRAPHITE INDIA LIMITED,RE,291.4,1,0
583,ETA ENGINEERS A/C KPTCL,RS,447,0,1
584,INNOTECH,RS,34.46,1,1
585,ABB SWITZERLAND,EXP,3643,1,0
586,ARVEE ELECTRICALS AND ENGINEERS,RW,2110,1,0
587,SHREE CEMENT LIMITED,RN,234.5,1,0
588,BIHAR CEMENT LIMITED,RN,469,1,0
589,ABB NORWAY,EXP,39.64,1,0
590,JINDAL STAINLESS LIMITED,RE,420,1,1
591,INELEC ENGINEERS ,RS,146.74,1,0
592,SPECTRUM CONSULTANTS,RS,503,0,0
593,SPECTRUM CONSULTANTS,RS,47.5,0,0
594,SPECTRUM CONSULTANTS,RS,55,0,0
595,ALSTOM T&D INDIA LIMITED,RN,263254,0,0
596,ALSTOM T&D INDIA LIMITED,RN,293837,0,0
597,SGS ,RN,3600,1,0
598,ABB LIMITED A/C PS-DS A/C WBSETCL,IDTO,2914,0,0
599,RELIANCE INDUSTRIES LIMITED,RW,364,1,1
600,ABB ELECTRICAL INDUSTRIES CO RIYADH,EXP,13024,1,0
601,TATA POWER,RW,526,0,1
602,TATA POWER,RW,1835,0,1
603,TATA POWER,RW,2082,0,1
604,TATA POWER,RW,760,0,1
605,TATA POWER,RW,2257,0,1
606,TATA POWER,RW,760,0,1
607,ABB SWEDEN,EXP,866,1,0
608,ABB SWEDEN,EXP,210.49,1,0
609,PISCESIA A/C UPPTCL,RN,7802.78,0,0
610,PISCESIA A/C UPPTCL,RN,7802.78,0,0
611,ABB LIMITED A/C PA A/C VIETNAM,IDTO,1692,1,0
612,ARTI STEELS LIMITED,RE,2400,1,0
613,UPPTCL,RN,101461,0,0
614,ABB CANADA,EXP,222.16,1,0
615,ABB SWITZERLAND,EXP,586.53,1,0
616,INELEC ,RS,121.12,1,0
617,ALBUS,RS,82.5,1,0
618,ABB LIMITED A/C PPHVS,IDTO,22,1,0
619,INNOTECH,RS,34.47,1,1
620,SIDDARTHA ENGINEERING LIMITED,RE,1525,0,0
621,QUALITY POWER ,RW,13.75,1,0
622,ENZEN A/C KPTCL,RS,31.98,0,1
623,TECHNO A/C PGCIL,RE,14399,0,0
624,TECHNO A/C PGCIL,RE,14399,0,0
625,TECHNO A/C PGCIL,RE,14399,0,0
626,TECHNO A/C PGCIL,RE,1800,0,0
627,ABB CANADA,EXP,171.89,1,0
628,ABB SOUTH AFRICA,EXP,96.29,1,0
629,ABB SOUTH AFRICA,EXP,142.96,1,0
630,POWER SYSTEMSA/C KPTCL,RS,375,0,1
631,ABB SWITZERLAND,EXP,834.85,1,0
632,KSEB,RS,260,0,0
633,MANGALA ELECTRICALS A/C KPTCL,RS,1610,0,1
634,SMS CONSTRUCTIONS A/C KPTCL,RS,375,0,1
635,AB POWER SYSTEM,RW,126.23,0,0
636,NIE POWER AND ENGINEERING,RS,98,1,0
637,"PGCIL, BALLIA",RN,632,0,0
638,"SONI ELECTRICALS, LUDHIANA",RN,36.5,1,0
639,ABB AUSTRALIA,EXP,30.54,1,0
640,ABB LIMITED,RS,56.39,1,0
641,BNC POWER PROJECTS LIMITED A/C MSETCL,RW,42251,0,0
642,LnT NMDC,RC,6471.87,1,0
643,ABB SOUTH AFRICA,EXP,612.5,1,0
644,ABB SOUTH AFRICA,EXP,168.5,1,0
645,SIDDARTHA ENGINEERING LIMITED,RE,3050,0,0
646,SPECTRUM,RS,55,0,0
647,ABB LIMITED A/C LP A/C TATA KPO,RS,228,1,0
648,ABB AUSTRALIA,EXP,79.9,1,0
649,POWERGEAR,RC,139.65,1,0
650,SS ENTERPRISES,RE,216,0,0
651,ABB CANADA,EXP,155,1,0
652,RELIANCE INDUSTRIES,RW,24300,1,1
653,MUNDRA SOLAR PVT LTD ADANI,RW,6500,1,0
654,ABB SOUTH AFRICA,EXP,222.85,1,0
655,ABB SOUTH AFRICA,EXP,222.85,1,0
656,ABB SOUTH AFRICA,EXP,66.86,1,0
657,ABB SOUTH AFRICA,EXP,144,1,0
658,ABB SOUTH AFRICA,EXP,89.14,1,0
659,ABB SWITZERLAND,EXP,3780,1,0
660,VAMAN AUTOMATION,RC,123.6,1,0
661,ABB LIMITED A/C LV CAPS,RS,88.8,1,0
662,ABB SOUTH AFRICA,EXP,334.28,1,0
663,ABB SOUTH AFRICA,EXP,144,1,0
664,ABB SOUTH AFRICA,EXP,222.85,1,0
665,INNOTECH,RS,271.37,1,1
666,KUMAR ELECTRICALS A/C KPTCL,RS,350,0,1
667,MUKAND LIMITED,RS,1220,1,0
668,SUBTLEWEIGH ELECTRIC PVT LTD,RE,586,1,0
669,AB POWER SYSTEM,RW,209.5,1,0
670,ABB LIMITED A/C LV CAPS,IDTO,56.73,1,0
671,D.B.MACHINE TOOLS PVT LTD,RE,112.33,1,0
672,ABB SOUTH AFRICA,EXP,65.38,1,0
673,ABB CHILE,EXP,78.99,1,0
674,SUBTLEWEIGH ELECTRIC PVT LTD,RE,650,1,0
675,INDUSTRIAL CONTROL SYSTEMS,RN,1068.8,1,0
676,ESSAR INDUSTRIES LIMITED,RW,900.25,1,0
677,ABB CANADA,EXP,243.42,1,0
678,AB POWER SYSTEM,RW,83.64,1,0
679,SVG CONTROL SYSTEMS PVT LTD,RS,196,1,0
680,ABB BRAZIL,EXP,170,1,0
681,SPECTRUM,RS,95,0,0
682,ABB LIMITED A/C PPHVC A/C SR DYNAMICS,RW,30.6,1,0
683,MUKAND STEELS,RW,245.5,1,0
684,INELEC ENGINEERS,RS,149.6,1,0
685,ABB SOUTH AFRICA,EXP,164.27,1,0
686,ABB SOUTH AFRICA,EXP,26.11,1,0
687,ABB SOUTH AFRICA,EXP,44.92,1,0
688,FLSMITH PRIVATE LIMITED a/c CHETINAAD,RC,960,1,0
689,ABB AUSTRALIA,EXP,75.2,1,0
690,HS AND SONS A/C JSW BELLARY,RS,104,1,0
691,"SONI ELECTRICALS, LUDHIANA",RN,36.5,1,0
692,ABB UK,EXP,31.75,1,0
693,SPECTRUM A/C KPTCL,RS,55,0,1
694,SPECTRUM A/C KPTCL,RS,55,0,1
695,ABB SWITZERLAND,EXP,1430,1,0
696,ABB SOUTH AFRICA,EXP,432.25,1,0
697,ABB Limited A/c PA A/C HZL,IDTO,7736,1,0
698,ABB Limited A/c DM A/c Nirma,IDTO,7500,1,1
699,Electrotherm,RW,3375,1,0
700,Sigma A/c CESC,RE,5460,0,0
701,ABB SWITZERLAND ,EXP,3788,1,0
702,INNOTECH,RS,261,0,1
703,BITCO,RE,2950,1,0
704,SUBTLEWEIGH ELECTRIC PVT LTD A/C MANN STEEL,RE,1170,1,0
705,INNOTECH,RS,1500,1,1
706,TECHNOFAB A/C UPPTCL,RN,6740,0,0
707,EPS Instrumentation A/c Absolute,RN,1500,0,0
708,EPS Instrumentation A/c Absolute,RN,1500,0,0
709,ABB CANADA,EXP,819.8,1,0
710,ABB CANADA,EXP,614.74,1,0
711,QUALITY POWER ,RW,113.9,1,0
712,ARORA IRON & STEEL ROLLING MILLS,RN,194,1,0
713,SPECTRUM A/C KPTCL,RS,217.5,0,1
714,"L & T, CHENNAI",RC,615,0,0
715,ABB TURKEY,EXP,88.85,1,0
716,FLSMITH PRIVATE LIMITED A/C MY HOME,RC,1300,1,0
717,LECON ENERGETICS PVT LTD,RS,98,0,0
718,ABB Limited A/c PA A/C JSW,IDTO,1730,1,0
719,ABB SOUTH AFRICA,EXP,994.4,1,0
720,ABB LIMITED A/C PA A/C ABULKHAIR,IDTO,2600,1,0
721,ABB SOUTH AFRICA,EXP,24.4,1,0
722,ABB SOUTH AFRICA,EXP,103.68,1,0
723,ABB LIMITED A/C LV CAPS,RS,455.36,1,0
724,SARVAMANGALA TRADING CO,RE,92.16,1,0
725,NIKUM ENERGY,RN,76,1,0
726,ABB ABUDHABI,EXP,293.22,1,0
727,ABB SOUTH AFRICA,EXP,99.37,1,0
728,BNC POWER PROJECTS LIMITED A/C MSETCL,RW,21490,0,0
729,ABB CANADA,EXP,3641,1,0
730,ABB Swiss,EXP,595,1,0
731,ABB TURKEY,EXP,1464,1,0
732,POWERGEAR,RC,69,1,0
733,ABB - LV Caps,IDTO,61,1,0
734,SPECTRUM A/C KPTCL,RS,0.55,0,1
735,ABB SOUTH AFRICA,EXP,2514,1,0
736,Omega Power,RS,274,1,0
737,DM drives a/c JSPL angul,IDTO,1644,1,0
738,ITC,RE,770,1,0
739,UP Grinding Unit ( Shree cement),RN,85,1,0
740,Sri Sai Ranga Agencies,RS,105,1,0
741,CHEMPLAST SANMAR LIMITED ,RC,104.59,1,0
742,ABB SWEDEN,EXP,753,1,0
743,ABB CANADA,EXP,575,1,0
744,NKG INFRASTRUCTURE,RN,88.4,0,0
745,BHUSHAN POWER & STEEL LIMITED,RN,2052.5,1,0
746,ABB SOUTH AFRICA,EXP,187.58,1,0
747,ABB SOUTH AFRICA,EXP,1748.64,1,0
748,QUALITY POWER ,RW,353.34,1,0
749,ASHA BANU A/C KPTCL,RS,710,0,1
750,ASHA BANU A/C KPTCL,RS,710,0,1
751,REW CONTRACTS PVT LTD A/C UPPTCL,RN,1489.46,0,0
752,REW CONTRACTS PVT LTD A/C UPPTCL,RN,1489.46,0,0
753,REW CONTRACTS PVT LTD A/C UPPTCL,RN,1489.46,0,0
754,REW CONTRACTS PVT LTD A/C UPPTCL,RN,1489.46,0,0
755,REW CONTRACTS PVT LTD A/C UPPTCL,RN,1489.46,0,0
756,INELEC ENGINEERS,RS,152.86,1,0
757,"TATA STEEL LIMITED, JODA",RE,3042,1,0
758,ABB LIMITED A/C PA A/C GOVER CEMENT,IDTO,285,1,0
759,INDIAN ELECTRO TRADE ,RW,31.38,1,0
760,INTERNATIONAL PAPER APPM LIMITED,RS,111.13,1,1
761,HAKS ELECTRICALS A/C VISHNU CHEMICALS,RS,1160,1,0
762,"TATA STEEL LIMITED, NAMUNDI",RE,1012,1,0
763,ABB LIMITED A/C PA OG A/C PETRO VIETNAM,IDTO,2370,0,0
764,ISOLUX CORSAN A/C HVPNL,RN,2754.9,0,0
765,MRF LIMITED,RC,299.97,1,1
766,ABB AUSTRALIA,EXP,18.5,1,0
767,SRI KAMESHWARI ENTERPRISES,RS,195,1,0
768,RELIANCE INDUSTRIES LIMITED,RW,11902,1,1
769,ABB TURKEY,EXP,2460,1,0
770,ABB TURKEY,EXP,842.83,1,0
771,RUKMINI IRON PVT LIMITED,RN,20,1,0
772,ARVIND LIMITED,RW,57.3,1,0
773,ABB LIMITED A/C LV CAPS,IDTO,352.6,1,0
774,VOLTECH ENGINEERS,RC,1160,1,0
775,ABB SOUTH AFRICA,EXP,177,1,0
776,ABB ABUDHABI,EXP,266.62,1,0
777,ABB ABUDHABI,EXP,899.84,1,0
778,ABB CANADA,EXP,191.5,1,0
779,ABB AUSTRALIA,EXP,328.3,1,0
780,ABB UK,EXP,34.99,1,0
781,ABB UK,EXP,45.65,1,0
782,TD POWER SYSTEMS,RS,40,1,0
783,ABB LIMITED UGANDA,EXP,1230.66,1,0
784,SYNERGY SPARK,RW,769.59,1,0
785,ETA ENGINEERS,RS,223.8,0,0
786,MICRON ELECTRICALS,RS,700,0,0
787,ABB SWITZERLAND,EXP,848.62,1,0
788,ABB CANADA,EXP,1956.47,1,0
789,ULTRATECH CEMENT,RS,151,1,1
790,PHP COLD ROLLING MILLS,EXP,252,1,1
791,SAFETY CONTROLS,RN,4715,0,0
792,OUDH SUGAR MILLS,RN,114,1,0
793,POWERGEAR,RC,69.82,1,0
794,CARBORUNDUM,RS,40,1,0
795,INNOTECH,RS,740,0,1
796,CKCE A/C IOCL,RW,16499,1,0
797,BPCL,RN,1436,1,1
798,ABB SWITZERLAND,EXP,3782.78,1,0
799,INELEC,RS,211.2,1,0
800,RongXin Power Electronic India Pvt Ltd,RE,3050,0,0
801,CARBORUNDUM,RS,257,1,0
802,ABB AUSTRALIA,EXP,377.88,1,0
803,POWER SOLUTIONS & SYSTEMS,RS,213.32,1,0
804,ABB SOUTH AFRICA,EXP,141.66,1,0
805,SIEMENS ,RN,625,0,0
806,LINDE INDIA LIMITED,RE,675,1,1
807,ABB UK,EXP,485.7,1,0
808,ABB CANADA,EXP,1688.56,1,0
809,ABB CANADA,EXP,150.57,1,0
810,POWER SOLUTIONS & SYSTEMS,RS,213.32,1,0
811,UP Grinding Unit ,RN,42.5,1,0
812,ABB SWEDEN,EXP,59,1,0
813,SPECTRUM,RS,27.5,0,0
814,ABB SOUTH AFRICA,EXP,1096.65,1,0
815,ABB SOUTH AFRICA,EXP,118.41,1,0
816,ABB SOUTH AFRICA,EXP,178.88,1,0
817,ABB SOUTH AFRICA,EXP,34.98,1,0
818,ABB SOUTH AFRICA,EXP,2910.35,1,0
819,QUALITY POWER ,RW,912,1,0
820,NIKUM ENERGY,RN,648,1,0
821,AB POWER SYSTEM,RW,62.47,1,0
822,SPECTRUM,RS,254,0,0
823,SPECTRUM,RS,142.5,0,0
824,ABB LIMITED A/C PGHVS A/C IOPPL,IDTO,2600,1,0
825,KAILASH ELECTRICALS A/C RAILWAYS,RN,638,0,1
826,ABB SOUTH AFRICA,EXP,2713,1,0
827,POWERGEAR,RC,139.65,1,0
828,ABB LIMITED A/C LV CAPS,IDTO,405,1,0
829,ABB SWITZERLAND,EXP,589.59,1,0
830,AB POWER SYSTEM,RW,612,1,0
831,HAKS ELECTRICALS,RS,42,1,0
832,KSEB,RS,390,0,0
833,ANDRITZ HYDRO PVT LTD,RW,58.5,0,0
834,RELIANCE INDIA LIMITED,RW,3884,1,1
835,ABB SOUTH AFRICA,EXP,235.12,1,0
836,ABB SOUTH AFRICA,EXP,918.75,1,0
837,MCNALLY BHARAT ENGINEERING CO LTD,RE,2749,1,0
838,ABB INDONESIA A/C INDARUNG,EXP,3346,1,0
839,TRISQUARE SWITCHGEARS,RN,227.83,1,0
840,"SONI ELECTRICALS, LUDHIANA",RN,18.7,1,0
841,ULTRATECH CEMENT,RW,690,1,1
842,SIEMENS A/C PGCIL A/C TEHRI MEERUT FSC,RN,11563.8,0,0
844,AGARWAL FOUNDRIES,RS,105,1,0
845,AGS POWER SOLUTIONS,RW,850,1,1
846,POWER SOLUTIONS & SYSTEMS,RS,18.83,1,0
847,ABB ITALY,EXP,1248,1,0
848,KALYANI STEELS LIMITED,RS,860,1,0
849,SKE A/C SARAF AGENCIES,RS,1850,1,0
850,INNOTECH,RS,237.45,0,1
851,JAISWAL ELECTRIC STORES,RN,1238,1,0
852,CHEMFAB ALKALIES,RC,859,1,0
853,ESSAR STEEL INDIA LIMITED,RW,4153,1,0
854,ABB SWITZERLAND,EXP,3736,1,0
855,ABB SOUTH AFRICA,EXP,139.74,1,0
856,KSA POWERINFRA A/C PGCIL,RC,741,0,0
857,SPECTRUM,RS,324,0,0
858,SPECTRUM,RS,130,0,0
859,SPECTRUM,RS,82.5,0,0
860,SPECTRUM,RS,110,0,0
861,QUALITY POWER ,RW,64,1,0
862,INELEC,RS,377.24,1,0
863,ABB AUSTRALIA,EXP,138.96,1,0
864,ABB AUSTRALIA,EXP,927.4,1,0
865,ABB SOUTH AFRICA,EXP,116.27,1,0
866,KUMAR ELECTRICALS A/C KPTCL,RS,350,0,1
867,ABB SWITZERLAND,EXP,601.43,1,0
868,ABB TAIWAN,EXP,113.62,1,0
869,SPECTRUM,RS,87,0,0
870,SPECTRUM,RS,87,0,0
871,HIVOLT POWER & CONTROL,RW,22.2,1,0
872,S R DYNAMICS,RE,905.85,1,0
873,AGS POWER SOLUTIONS,RW,850,1,1
874,CENTRAL ENGINEERING COMPANY,RE,80.75,1,0
875,GHALSASI SMELTING PVT LIMITED,RW,320.6,1,0
876,VEE VEE CONTROLS PVT LIMITED,RS,45,1,0
877,BS LIMITED,RS,107,0,0
878,ABB LIMITED A/C PA-MM A/C HZL,IDTO,3490,1,0
879,ABB SOUTH AFRICA,EXP,71.05,1,0
880,ABB LIMITED A/C PPHVS A/C NALCO,IDTO,418.58,1,0
881,MOHAN ENERGY CO PVT LIMITED,RN,59000,0,0
882,HINDALCO INDUSTRIES LIMITED,RN,180,1,0
883,HINDALCO INDUSTRIES LIMITED,RN,570,1,0
884,ABB CANADA,EXP,1004.6,1,0
885,ABB SWITZERLAND,EXP,845.56,1,0
886,QUALITY POWER ,RW,229.68,1,0
887,ABB columbia,EXP,128.8,1,0
888,JYOTHI ELECTRICALS,RS,1275,0,0
889,TRISQUARE SWITCHGEARS,RN,153,1,0
890,TOYOTA KIRLOSKAR MOTOR,RS,17,1,0
891,POWERGEAR LIMITED,RC,139.65,1,0
892,SPECTRUM CONSULTANTS,RS,165,0,0
893,ABB SWEDEN,EXP,85.34,1,0
894,POWERGRID KOLAR,RS,712,0,1
895,POWERGRID BHADRAVATI,RW,719,0,1
896,ALPHA ENGINEERS,RW,124,1,0
897,OM ENTERPRISES,RE,279,1,0
898,SS ENTERPRISES,RE,124,1,0
899,AB POWER SYSTEM,RW,2110,1,0
900,ABB SWITZERLAND,EXP,3739,1,0
901,ABB SWITZERLAND,EXP,592.38,1,0
902,ABB ARGENTINA,EXP,134,1,0
903,ABB TURKEY,EXP,1566.44,1,0
904,ABB TAIWAN,EXP,518.73,1,0
905,ABB ABU DHABI,EXP,197.46,1,0
906,ABB SWEDEN,EXP,190.76,1,0
907,ABB LIMITED A/C PGHVS A/C WBSETCL,IDTO,150,0,0
908,HIGHVOLT POWER & CONTROL SYSTEMS,RW,88.88,0,0
909,MUKAND LIMITED,RW,52.5,1,0
910,SPECTRUM,RS,348,0,0
911,INNOTECH,RS,295,0,1
912,INELEC ENGINEERS,IDTO,333.12,0,0
913,SIEMENS A/C SHAYONA CEMENT,RW,1760,1,0
914,ABB BRAZIL,EXP,74,1,0
915,ABB SOUTH AFRICA,EXP,1540,1,0
916,ABB SOUTH AFRICA,EXP,108,1,0
917,SMS CONSTRUCTIONS A/C KPTCL,RS,375,0,1
918,Sharavathy Conductors Pvt Ltd,RS,720,0,0
919,ABB SWITZERLAND,EXP,2615,1,0
920,ABB SWITZERLAND,EXP,289.93,1,0
921,ABB CANADA,EXP,1654,1,0
922,ABB CANADA,EXP,3442,1,0
923,ABB CANADA,EXP,139.95,1,0
924,ABB CANADA,EXP,3079,1,0
925,ABB CANADA,EXP,336.74,1,0
926,ABB CANADA,EXP,4240,1,0
927,CHINA FIRST METALLURGICAL CONS PVTLTD,RN,268,1,0
928,ABB LIMITED A/C PA A/C DALMIA CEMENT,IDTO,585,1,0
929,CALCOM CEMENT ,RE,99.6,1,0
930,ABB LIMITED A/C PGGI A/C TPDDL,IDTO,5052,0,1
931,ABB CANADA,EXP,338,1,0
932,ABB CANADA,EXP,278.65,1,0
933,ABB CANADA,EXP,383,1,0
934,SHRI KESHAV & INFRA LIMITED,RS,660,1,0
935,SPECTRUM CONSULTANTS,RS,425,0,0
936,ABB LIMITED A/C LV CAP APP,IDTO,577,1,0
937,ABB LIMITED A/C LV CAP APP,IDTO,139.8,1,0
938,ABB South Africa - mecb,EXP,3203,1,0
939,ABB South Africa - MECB,EXP,11904,1,0
940,ETA ENGINEERS A/C KPTCL,RS,223.8,0,1
941,ABB SWITZERLAND,EXP,2607,1,0
942,ABB CANADA,EXP,142,1,0
943,KSEB,RS,130,0,0
944,SPML INFRA,RN,33.5,0,0
945,ANS ELECTRIC ,RW,3294,1,0
946,ABB CZECH REPUBLIC,EXP,2212,1,0
947,INNOTECH,RS,659,1,1
948,ABB AUSTRALIA,EXP,1759,1,0
949,ABB AUSTRALIA,EXP,711,1,0
950,ABB CANADA,EXP,45.88,1,0
951,ABB CANADA,EXP,145,1,0
952,SPECTRUM,RS,55,0,0
953,KSEB,RS,325,0,0
954,ABB TURKEY,EXP,30.15,1,0
955,PREMIER DISTRIBUTORS,RN,282,1,0
956,SIEMENS LIMITED A/C PGCB BHERAMARA,RN,156000,0,0
957,DANIELI INDIA LIMITED,RE,11000,1,0
958,VA TECH WABAG LIMITED,RC,11750,1,0
959,ABB CANADA,EXP,1473,1,0
960,ABB CANADA,EXP,1846,1,0
961,ABB CANADA,EXP,2490,1,0
962,SPML,RE,3300,1,0
963,APPLIED TECHNO,RN,582,1,0
964,ABB CANADA,EXP,777,1,0
965,ABB CANADA,EXP,916,1,0
966,ABB CANADA,EXP,238,1,0
967,APPLIED TECHNO,RN,582,1,0
968,SPECTRUM,RS,432,0,0
969,KALPATRU POWER TRANSMISSION LIMITED,RN,7095,0,0
970,NEW INDIA ELECTRICALS LIMITED,RS,57,1,0
971,ABB SOUTH AFRICA,EXP,96,1,0
972,ABB SOUTH AFRICA,EXP,392,1,0
973,ABB SOUTH AFRICA,EXP,249,1,0
974,ABB SOUTH AFRICA,EXP,431,1,0
975,ABB CANADA,EXP,354,1,0
976,ABB CANADA,EXP,383,1,0
977,ABB CANADA,EXP,47,1,0
978,ABB CANADA,EXP,1917,1,0
979,ABB CANADA,EXP,59,1,0
980,ABB CANADA,EXP,196,1,0
981,ABB CANADA,EXP,1340,1,0
982,ABB INDIA LIMITED A/C PGGI A/C NEA,IDTO,132,0,0
983,ABB SWITZERLAND,EXP,794.63,1,0
984,ABB SWITZERLAND,EXP,561.39,1,0
985,ABB GERMANY,EXP,220.7,1,0
986,ABB SWITZERLAND,EXP,2550,1,0
987,SPECTRUM,RS,55,0,0
988,SPECTRUM,RS,130.5,0,0
989,HINDALCO INDUSTRIES LIMITED,RN,24.93,1,0
990,ABHISHEK ELECTRICALS,RN,154.25,1,0
991,RELIANCE INFRASTRUCTURE,RW,268.45,1,1
992,NECCON POWER,RE,81,1,0
993,ABB BULGARIA,EXP,761.47,1,0
994,ABB AUSTRALIA,EXP,209.3,1,0
995,ABB TURKEY,EXP,219.41,1,0
996,ABB CANADA,EXP,189,1,0
997,ABB CANADA,EXP,1278,1,0
998,ABB CANADA,EXP,42,1,0
999,ABB CANADA,EXP,272,1,0
1000,ABB CANADA,EXP,20,1,0
1001,ABB LIMITED A/C PGGS A/C PGCIL KANPUR,IDTO,11902,0,0
1002,ETA ENGINEERS PVT LIMITED,RS,448,0,0
1003,ABB INDIA LIMITED A/C PA A/C TORORO CEMENT,IDTO,3399,1,0
1004,ABB CHILE,EXP,63.21,1,0
1005,ABB ECUADOR,EXP,554,1,0
1006,ABB UK,EXP,91.25,1,0
1007,ABB CANADA,EXP,647,1,0
1008,ABB CANADA,EXP,165,1,0
1009,ABB CANADA,EXP,796,1,0
1010,CALCOM CEMENT ,RE,317,1,0
1011,SS ENTERPRISES,RE,184,0,0
1012,SRIVARI AGENCIES,RC,218,1,0
1013,HZL UDAIPUR,RN,257,1,0
1014,KAYDEE ENGINEERS,RN,114,1,0
1015,INNOTECH,RS,155,1,1
1016,Sharavathy Conductors Pvt Ltd,RS,3600,0,0
1017,ABB SOUTH AFRICA,EXP,39,1,0
1018,ABB SOUTH AFRICA,EXP,311,1,0
1019,ABB SOUTH AFRICA,EXP,107,1,0
1020,ABB SOUTH AFRICA,EXP,44,1,0
1021,ABB SOUTH AFRICA,EXP,143,1,0
1022,ABB SOUTH AFRICA,EXP,271,1,0
1023,ABB SOUTH AFRICA,EXP,721,1,0
1024,ABB SOUTH AFRICA,EXP,333,1,0
1025,ABB INDIA A/C PGGI A/C RP AC,IDTO,470000,0,0
1026,ABB INDONESIA A/C PT INDO TAMBANG,EXP,3605,1,0
1027,TATA STEEL LIMITED,RE,1609,1,0
1028,ABB CANADA,EXP,237,1,0
1029,ABB CANADA,EXP,114,1,0
1030,ABB CANADA,EXP,2602,1,0
1031,ABB CANADA,EXP,1244,1,0
1032,SPECTRUM CONSULTANTS,RS,47.5,0,0
1033,SPECTRUM CONSULTANTS,RS,47.5,0,0
1034,SPECTRUM CONSULTANTS,RS,47.5,0,0
1035,JK PAPER LIMITED,RE,47.5,1,1
1036,INNOTECH,RS,47.5,0,1
1037,JSW Steel Limited ,RW,47.5,1,0
1038,MK ENGINEERS BEAWAR ,RN,47.5,1,0
1039,"FL SMITH PVT LTD A/C AKIJ CEM, BANGLADESH",RC,47.5,1,0
1040,JK LAKSHMI CEMENT,RN,47.5,1,0
1041,SALSAN STEEL,RN,47.5,1,0
1042,ABB AUSTRALIA,EXP,47.5,1,0
1043,ABB AUSTRALIA,EXP,47.5,1,0
1044,ABB AUSTRALIA,EXP,47.5,1,0
1045,ABB CANADA,EXP,47.5,1,0
1046,ABB CANADA,EXP,47.5,1,0
1047,ABB CANADA,EXP,47.5,1,0
1048,ABB CANADA,EXP,47.5,1,0
1049,ABB CANADA,EXP,47.5,1,0
1050,ABB CANADA,EXP,47.5,1,0
1051,ABB CANADA,EXP,47.5,1,0
1052,ABB CANADA,EXP,47.5,1,0
1053,ABB CANADA,EXP,47.5,1,0
1054,ABB CANADA,EXP,47.5,1,0
1055,ABB CANADA,EXP,47.5,1,0
1056,ABB CANADA,EXP,47.5,1,0
1057,ABB CANADA,EXP,47.5,1,0
1058,ABB TURKEY,EXP,47.5,1,0
1059,ABB ISRAEL,EXP,47.5,1,0
1060,ABB MALAYSIA,EXP,47.5,1,0
1061,ABB THAILAND,EXP,47.5,1,0
1062,SPECTRUM CONSULTANTS,RS,47.5,0,0
1063,SPECTRUM CONSULTANTS,RS,47.5,0,0
1064,KAYDEE ENGINEERS,RN,47.5,0,0
1065,TORRENT POWER,RW,47.5,1,0
1066,RD BANSAL,RN,47.5,1,0
1067,VEE VEE CONTROLS,RS,47.5,1,0
1068,OM ENTERPRISES,RE,47.5,1,0
1069,ABB LIMITED A/C TATA KPO,IDTO,47.5,1,0
1070,RELIANCE INDUSTRIES,RW,47.5,1,1
1071,TD POWER SYSTEMS LIMITED,RS,47.5,1,0
1072,KALPATRU POWER TRANSMISSION LIMITED,RN,47.5,0,0
1073,KALPATRU POWER TRANSMISSION LIMITED,RN,47.5,0,0
1074,KALPATRU POWER TRANSMISSION LIMITED,RN,47.5,0,0
1075,FL SMITH PVT LTD A/C GULF NATION KUWAIT,RC,47.5,1,0
1076,FL SMITH PVT LTD A/C JAGDAMBA NEPAL,RC,47.5,1,0
1077,FL SMITH PVT LTD A/C ARGHAKHANCHI CEMENT NEPAL,RC,47.5,1,0
1078,FL SMITH PVT LTD A/C RIDDHI CEMENT NEPAL,RC,1145,1,0
1079,ABB SWITZERLAND,EXP,1134,1,0
1080,ABB UK,EXP,41,1,0
1081,ABB THAILAND,EXP,129,1,0
1082,ABB TAIWAN,EXP,66,1,0
1083,ABB AUSTRALIA,EXP,457,1,0
1084,SPECTRUM CONSULTANTS,RS,47,0,0
1085,SAFETY CONTROLS,RN,4715,0,0
1086,SUN CITY ENTERISES,RN,1395,0,0
1087,ABB TURKEY,EXP,239,1,0
1088,ABB CANADA,EXP,2447,1,0
1089,ABB CANADA,EXP,1800,1,0
1090,ABB CANADA,EXP,349,1,0
1091,ABB CANADA,EXP,825,1,0
1092,ABB CANADA,EXP,54,1,0
1093,ABB CANADA,EXP,35,1,0
1094,ABB CANADA,EXP,457,1,0
1095,ABB CANADA,EXP,54,1,0
1096,ABB CANADA,EXP,2360,1,0
1097,ABB CANADA,EXP,18,1,0
1098,ABB CANADA,EXP,100,1,0
1099,ABB CANADA,EXP,800,1,0
1100,ABB CANADA,EXP,112,1,0
1101,ABB SINGAPORE,EXP,2900,1,1
1102,ABB SOUTH AFRICA,EXP,186,1,0
1103,ABB SOUTH AFRICA,EXP,411,1,0
1104,ABB FINLAND,EXP,203,1,0
1105,ABB CANADA,EXP,8771,1,0
1106,ABB CANADA,EXP,560,1,0
1107,ABB CANADA,EXP,452,1,0
1108,ABB CANADA,EXP,1496,1,0
1109,ABB CANADA,EXP,500,1,0
1110,ABB CANADA,EXP,1260,1,0
1111,SPECTRUM CONSULTANTS,RS,47,0,0
1112,QUALITY POWER,RW,1058,1,0
1113,QUALITY POWER,RW,4258,1,0
1114,ABB SWITZERLAND,EXP,1354,1,0
1115,SYSELEC TECHNOLOGIES,RW,1725,1,0
1116,ABB TURKEY,EXP,328,1,0
1117,ABB AUSTRALIA,EXP,814,1,0
1118,ABB AUSTRALIA,EXP,47,1,0
1119,INDUSTRIAL CONTROL SYSTEM,RN,816,1,0
1120,ABB LIMITED A/C PGGI A/C NEA,IDTO,433,0,0
1121,ABB LIMITED A/C PGHVS ,IDTO,320,1,0
1122,ABB SOUTH AFRICA,EXP,2570,1,0
1123,ABB SOUTH AFRICA,EXP,65,1,0
1124,JSW PROJECTS,RS,3900,1,0
1125,LECON ENERGETICS,RS,100,1,0
1126,ABB SWITZERLAND,EXP,2541,1,0
1127,JMP INDUSTRIES,RN,145,1,0
1128,ANS ELECTRIC,RW,229,1,0
1129,ANS ELECTRIC,RW,128,1,0
1130,AGS POWER SOLUTIONS,RW,447,1,1
1131,ABHISHEK ELECTRICALS,RN,133,1,0
1132,SR DYNAMICS,RE,59,1,0
1133,SCHNEIDER ELECTRIC,RN,895,1,1
1134,FL SMITH A/C TANCEM CEMENT,RC,4000,1,0
1135,ABB FINLAND,EXP,326,1,0
1136,ELECTROTHERM LIMITED,RW,121,1,0
1137,MEGHA ENGINEERING A/C NMDC,RS,6000,1,0
1138,MICRON ELECTRICALS A/C KPTCL,RS,700,0,1
1139,ABB CANADA,EXP,373,1,0
1140,ABB CANADA,EXP,244,1,0
1141,ABB CANADA,EXP,98,1,0
1142,ABB CANADA,EXP,796,1,0
1143,ABB CANADA,EXP,62,1,0
1144,ABB CANADA,EXP,168,1,0
1145,ABB CANADA,EXP,865,1,0
1146,ABB CANADA,EXP,278,1,0
1147,ABB CANADA,EXP,753,1,0
1148,ABB CANADA,EXP,112,1,0
1149,ABB CANADA,EXP,411,1,0
1150,ABB CANADA,EXP,1430,1,0
1151,ABB CANADA,EXP,875,1,0
1152,ABB CANADA,EXP,170,1,0
1153,ABB CANADA,EXP,1400,1,0
1154,ABB CANADA,EXP,97,1,0
1155,ABB CANADA,EXP,217,1,0
1156,ABB CANADA,EXP,535,1,0
1157,SHREE CEMENT LIMITED,RN,1260,1,0
1158,SHREE CEMENT LIMITED,RN,2300,1,0
1159,ABB CANADA,EXP,105,1,0
1160,ABB CANADA,EXP,4600,1,0
1161,ABB CANADA,EXP,1600,1,0
1162,ABB CANADA,EXP,923,1,0
1163,ABB CANADA,EXP,276,1,0
1164,ABB SOUTH AFRICA,EXP,27,1,0
1165,TOYO ENGINEERING A/C CHAMBAL FERTILISER,RW,3880,1,0
1166,ABB SOUTH AFRICA,EXP,1734,1,0
1167,ABB SOUTH AFRICA,EXP,2963,1,0
1168,JK POWER A/C KPTCL,RS,2100,0,1
1169,Sterling and Wilson a/c CSPTCL,RW,1500,0,0
1170,Sterling and Wilson a/c CSPTCL,RW,1500,0,0
1171,GE T&D A/C KPTCL,RN,750,0,1
1172,ABB CANADA,EXP,25.5,1,0
1173,ABB INDONESIA ,EXP,588,1,0
1174,ABB ABU DHABI,EXP,84,1,0
1175,ABB UK,EXP,107,1,0
1176,ABB LIMITED A/C PGGI A/C PGCIL VIZAG,IDTO,420,1,0
1177,SIGMA INFRASTRUCTURE ,RE,24,0,0
1178,BNC POWER PROJECTS LIMITED A/C MSETCL,RW,270,0,0
1179,VINOD ELECTRICALS A/C MES UDHAMPUR,RN,1540,1,0
1180,ABB LIMITED A/C IAPI A/C VILAYAT,IDTO,8000,1,0
1181,KRC CONSTRUCTIONS A/C CSPDCL,RE,4032,0,1
1182,ABB SWITZERLAND,EXP,2480,1,0
1183,ABB SOUTH AFRICA,EXP,84,1,0
1184,ABB SOUTH AFRICA,EXP,1493,1,0
1185,ABB SOUTH AFRICA,EXP,1647,1,0
1186,ABB SOUTH AFRICA,EXP,135,1,0
1187,ABB SOUTH AFRICA,EXP,325,1,0
1188,ABB BULGARIA,EXP,1130,1,1
1189,ABB AUSTRALIA,EXP,29,1,0
1190,NIKUM ENERGY,RN,699,1,0
1191,SPECTRUM CONSULTANTS,RS,170,0,0
1192,ABB TURKEY,EXP,3900,1,0
1193,SHREE CEMENT LIMITED,RN,1260,1,0
1194,Stambh A/c upptcl,RN,1300,0,0
1195,ABB TURKEY,EXP,48,1,0
1196,ABB SWEDEN,EXP,30,1,0
1197,RUBBERMAN INDIA,RE,500,1,0
1198,OUDH SUGAR MILLS,RN,25,1,0
1199,HAZIRA LNG PVT LTD,RW,136,1,0
1200,ABB AUSTRALIA,EXP,500,1,0
1201,ETA A/C KPTCL,RS,223.8,0,1
1202,ABB LIMITED A/C DMDR A/C ADANI,IDTO,2600,1,0
1203,ABB SOUTH AFRICA,EXP,5500,1,0
1204,ABB SOUTH AFRICA,EXP,1080,1,0
1205,WINPOWER,RE,39,0,0
1206,ABB FINLAND,EXP,650,1,0
1207,ABB LIMITED A/C IAPI A/C ULTRATECH,IDTO,7370,1,1
1208,AGS POWER SOLUTIONS,RW,916,0,1
1209,ABB EGYPT,EXP,73,1,0
1210,ABB CANADA,EXP,1586,1,0
1211,ABB SWITZERLAND,EXP,2500,1,0
1212,ABB SWITZERLAND,EXP,550,1,0
1213,ABB UK,EXP,110,1,0
1214,ABB UK,EXP,261,1,0
1215,ABB TURKEY,EXP,59,1,0
1216,ABB CZECH,EXP,123,1,0
1217,JMP INDUSTRIES,RN,87,1,0
1218,RELIANCE INDUSTRIES,RW,62,1,1
1219,SURGO INFRASTRUCTURE,RS,380,0,0
1220,EMAMI CEMENT LIMITED,RE,3567,1,1
1221,JK LAKSHMI CEMENT,RW,30,1,0
1222,SALSAN STEEL,RN,749,1,0
1223,ABB SOUTH AFRICA,EXP,143,1,0
1224,JSW Steel Limited ,RW,127,1,0
1225,ELECTRONIC INSTRUMENTS INDUSTRIES,RN,325,1,0
1226,PRAKASH FERROUS INDUSTRIES PVT LTD,RS,46,1,0
1227,ABB TURKEY,EXP,1530,1,0
1228,SHUBH MARKETING,RW,121,1,0
1229,ABB SWITZERLAND,EXP,574,1,0
1230,TRANSFORMERS N RECTIFIERS LTD,RW,1590,1,0
1231,ABB AUSTRALIA,EXP,235,1,0
1232,ABB AUSTRALIA,EXP,108,1,0
1233,AGS POWER SOLUTIONS,RW,333,1,1
1234,MARUTI SUZUKI,RN,453,1,0
1235,SIEMENS LIMITED,RN,2530,0,0
1236,ABB FINLAND,EXP,336,1,0
1237,KSEB,RS,1948,0,0
1238,TECHNO ELECTRIC A/C PGCIL NR STATCOM,RE,32000,0,0
1239,TECHNO ELECTRIC A/C PGCIL NR STATCOM,RE,16000,0,0
1240,TECHNO ELECTRIC A/C PGCIL NR STATCOM,RE,15900,0,0
1241,GE T&D A/C CSPTCL,RN,4179,0,0
1242,ABB CANADA,EXP,419,1,0
1243,ABB AUSTRALIA,EXP,46,1,0
1244,ABB AUSTRALIA,EXP,216,1,0
1245,ABB AUSTRALIA,EXP,201,1,0
1246,ABB AUSTRALIA,EXP,19,1,0
1247,ABB AUSTRALIA,EXP,43,1,0
1248,SIEMENS LIMITED A/C JSW CEMENT,RW,1220,1,0
1249,ASIAN FABTECH A/C KPTCL,RS,355,0,1
1250,SS ENTERPRISES A/C WBSETCL,RE,367,0,0
1251,SS ENTERPRISES A/C WBSETCL,RE,183,0,0
1252,SR DYNAMICS,RE,43,0,0
1253,SPECTRUM A/C KPTCL,RS,27,0,1
1254,ABB LIMITED A/C IAP A/C WONDER CEMENT,IDTO,1550,1,0
1255,HINDALCO INDUSTRIES,RN,259,1,0
1256,ABB SOUTH AFRICA,EXP,1800,1,0
1257,TRANSFORMERS N RECTIFIERS LTD,RW,1590,1,0
1258,TRANSFORMERS N RECTIFIERS LTD,RW,928,1,0
1259,HINDALCO INDUSTRIES,RN,180,1,0
1260,GE T&D A/C CSPTCL,RN,1390,0,0
1261,LECON ENERGETICS,RS,31,1,0
1262,SYSTEM CONTROLS,RN,420,1,0
1263,SUBTLEWEIGHT ELECTRIK,RE,940,1,0
1264,BNC POWER PROJECTS LIMITED A/C MSETCL,RW,196,0,0
1265,ABB TAIWAN,EXP,440,1,0
1266,QUALITY POWER,RW,58,1,0
1267,AGS POWER SOLUTIONS,RW,54,1,1
1268,ABHISHEK ELECTRICALS,RN,96,1,0
1269,RONGXIN PROJECTS PVT LIMITED,RE,2900,0,0
1270,ABB SWITZERLAND,EXP,2580,1,0
1271,ABB SWITZERLAND,EXP,810,1,0
1272,ABB CANADA,EXP,1310,1,0
1273,ABB TAIWAN,EXP,18,1,0
1274,ABB ROMANIA,EXP,200,1,0
1275,GAJA ENGINEERING A/C KPTCL,RS,738,0,1
1276,SJS ELECTRICALS A/C KPTCL,RS,360,0,1
1277,ABB SOUTH AFRICA,EXP,19,1,0
1278,DEW ENERGY,RN,243,1,0
1279,ABB BANGLADESH,EXP,2508,1,0
1280,PRIMETALS TECHNOLOGIES,RE,9800,1,0
1281,TD POWER SYSTEMS LIMITED,RS,45,1,0
1282,RAJPUTANA CABLES AND CONDUCTORS,RE,11230,0,0
1283,KALPATRU POWER TRANSMISSION LIMITED,RN,9440,0,0
1284,KALPATRU POWER TRANSMISSION LIMITED,RN,9440,0,0
1285,AGS POWER SOLUTIONS,RW,366,1,1
1286,ABB LIMITED A/C WBSETCL,IDTO,1470,0,0
1287,ABB LIMITED A/C PGHVS A/C MCPI,IDTO,2136,1,1
1288,ABB CANADA,EXP,23,1,0
1289,ABB SWITZERLAND,EXP,582,1,0
1290,ABB TURKEY,EXP,139,1,0
1291,ABB AUSTRALIA,EXP,50,1,0
1292,ABB TURKEY,EXP,220,1,0
1293,ABB TURKEY,EXP,450,1,0
1294,INNOTECH,RS,476,0,1
1295,AGS POWER SOLUTIONS,RW,1784,1,1
1296,ABB LIMITED A/C PGTR,IDTO,66000,1,0
1297,TORRENT POWER,RW,2280,0,0
1298,GAJA ENGINEERING A/C KPTCL,RS,369,0,1
1299,GAJA ENGINEERING A/C KPTCL,RS,738,0,1
1300,FLSMITH A/C TANCEM CEMENT,RC,352,1,0
1301,HINDALCO INDUSTRIES,RS,1300,1,0
1302,AGS POWER SOLUTIONS,RC,260,1,1
1303,ABB BELGIUM,EXP,40,1,0
1304,ABB CANADA,EXP,1286,1,0
1305,SHREE CEMENT LIMITED,RN,3750,1,0
1306,JINDAL ALUMINIUM LIMITED,RS,38,1,1
1307,ETA ENGINEERS A/C KPTCL,RS,447,0,1
1308,FL SMIDTH A/C KERNEOS INDIA ALUMINATE,RC,310,1,0
1309,FL SMIDTH A/C sarbottam,RC,220,1,0
1310,ELECTROTHERM INDIA,RW,7500,1,0
1311,ABB INDIA LIMITED A/C PGGI -S,IDTO,1920,0,0
1312,BHILOSA INDUSTRIES ,RW,6730,1,0
1313,AGS POWER SOLUTIONS,RW,215,1,1
1314,MRF LIMITED,RC,880,1,1
1315,ABB SWITZERLAND,EXP,38,1,0
1316,ABB SOUTH AFRICA,EXP,60,1,0
1317,SMS INDIA PVT LTD,RN,4900,1,0
1318,TORRENT POWER,RW,2280,1,0
1319,TORRENT POWER,RW,24500,1,0
1320,SS ENTERPRISES A/C WBSETCL,RE,272,0,0
1321,TOYOTA KIRLOSKAR MOTOR,RS,76,1,0
1322,DEVASHREE ISPAT LTD,RS,110,1,0
1323,ABB brazil,EXP,71,1,0
1324,ABB SOUTH AFRICA,EXP,818,1,0
1325,A2Z INFRA ENGINEERING LIMITED,RN,3000,0,0
1326,ABB CANADA,EXP,2090,1,0
1327,ABB TURKEY,EXP,33,1,0
1328,ABB INDIA LIMITED A/C IA A/C ANDHRA SUGAR,IDTO,6600,1,0
1329,KASHMIRILAL CONSTRUCTIONS A/C UPCL,RN,2300,0,0
1330,ABB SINGAPORE,EXP,1300,1,1
1331,ABB BULGARIA,EXP,58,1,1
1332,ABB SOUTH AFRICA,EXP,74,1,0
1333,AGS POWER SOLUTIONS,RW,469,1,1
1334,TATA STEEL LIMITED,RE,642,1,0
1335,HINDALCO INDUSTRIES,RE,13300,1,0
1336,SCHNEIDER ELECTRIC A/C BSES,RN,3990,0,1
1337,ENERGYPAC ENGINEERING LIMITED,EXP,6750,1,0
1338,KRC CONSTRUCTIONS A/C CSPDCL,RE,5000,0,1
1339,ABB SINGAPORE,EXP,1500,1,1
1340,NECESSA TECHNOLOGIES A/C PUVVNL,RN,0,0,0
1341,MUKAND LIMITED,RW,2000,1,0
1342,SPECTRUM CONSULTANTS,RS,55,0,0
1343,ABB SOUTH AFRICA,EXP,175,1,0
1344,ABB CANADA,EXP,756,1,0
1345,ABB SWITZERLAND,EXP,951,1,0
1346,ABB CHINA,EXP,352,1,0
1347,EATEC ENGINEERING SOLUTIONS,RW,57.6,1,0
1348,MODERN TRANSFORMERS A/C UPPTCL,RN,1300,0,0
1349,ALFA ENGINEERS,RW,240,1,0
1350,TRISQUARE SWITCHGEARS PVT LTD,RN,652,1,0
1351,AGS POWER SOLUTIONS,RW,588,1,1
1352,L&T EHIOPIA,EXP,10400,1,0
1353,TECHNO ELECTRIC A/C JHARKHAND,RE,960,0,0
1354,TECHNO ELECTRIC A/C JHARKHAND,RE,1920,0,0
1355,TECHNO ELECTRIC A/C JHARKHAND,RE,2400,0,0
1356,TECHNO ELECTRIC A/C JHARKHAND,RE,3360,0,0
1357,TATA PROJECTS LIMITED A/C NORTH BIHAR,RN,860,0,0
1358,TATA PROJECTS LIMITED A/C NORTH BIHAR,RN,2580,0,0
1359,TATA PROJECTS LIMITED A/C NORTH BIHAR,RN,4300,0,0
1360,ABB CANADA,EXP,4420,1,0
1361,ABB CANADA,EXP,124,1,0
1362,ABB TURKEY,EXP,73,1,0
1363,SWASTIK ENGINEERS,RN,734,1,0
1364,HS SONI A/C JSW BALLARI,RS,100,1,0
1365,POSITIVE SOLUTION,RW,120,1,0
1366,GODREJ A/C WBSETCL,RW,2450,0,0
1367,AB POWER SYSTEMS,RW,77,1,0
1368,SPECTRUM,RS,55,0,0
1369,DEVASHREE ISPAT LTD,RS,83,1,0
1370,SRI SAI RANGA AGENCIES,RS,67,1,0
1371,BHILOSA INDUSTRIES ,RW,1900,1,0
1372,ABB SOUTH AFRICA,EXP,9500,1,0
1373,ABB CANADA,EXP,200,1,0
1374,ANDRITZ HYDRO,RW,58,1,0
1375,RUBBERMAN INDIA,RW,335,1,0
1376,SS ENTERPRISES A/C WBSETCL,RE,170,0,0
1377,ABB COLUMBIA,EXP,522,1,0
1378,MAA BHAGWATI ENGINEERING,RW,120,1,0
1379,SPECTRUM,RS,47,0,0
1380,MBM CONSTRUCTIONS A/C KPTCL,RS,370,0,1
1381,MBM CONSTRUCTIONS A/C KPTCL,RS,370,0,1
1382,OWENS CORNING INDIA PVT LTD,RW,1330,1,1
1383,ABB CANADA,EXP,956,1,0
1384,ABB TURKEY,EXP,405,1,0
1385,ABB TURKEY,EXP,106,1,0
1386,ABB INDIA LIMITED A/C IA-PI,IDTO,2500,1,0
1387,JINDAL ALUMINIUM LIMITED,RS,38,1,1
1388,ABB INDIA LIMITED A/C IA-PI A/C ACC SINDRI,IDTO,21,1,1
1389,QUALITY POWER,RW,368,1,0
1390,QUALITY POWER,RW,18000,1,0
1391,BT PROJECTS PVT LIMITED,RE,1150,1,0
1392,SPECTRUM,RS,55,0,0
1393,JONES LANG A/C SHELL,RS,284,1,0
1394,SAHASRA ELECTRICALS A/C KPTCL,RS,340,0,1
1395,JK POWER A/C KPTCL,RS,680,0,1
1396,AV INFRASTRUCTURE A/C CSPTCL,RN,1500,0,0
1397,KEC INTERNATIONAL A/C KPTCL,RN,355,0,1
1398,CARBORUNDUM,RS,71,1,0
1399,ABB COLUMBIA,EXP,39,1,0
1400,NUVOCO VISTAS,RW,190,1,0
1401,BHUSHAN POWER & STEEL,RN,3350,1,0
1402,ABB CANADA,EXP,140,1,0
1403,SS ENTERPRISES A/C WBSETCL,RE,200,0,0
1404,ABB UK,EXP,110,1,0
1405,ABB UK,EXP,110,1,0
1406,ABB BULGARIA,EXP,59,1,1
1407,GANGAVARAM PORT,RS,33.6,1,0
1408,HZL UDAIPUR,RN,256,1,0
1409,SIGMA CONSTRUCTION,RE,190,0,0
1410,SCAN STEEL LIMITED,RE,100,1,0
1411,SPECTRUM,RS,348,0,0
1412,ABB SWITZERLAND,EXP,2750,1,0
1413,ABB SWITZERLAND,EXP,1540,1,0
1414,ABB LIMITED A/C PGGI A,IDTO,486,0,0
1415,ABB LIMITED A/C DM MOTOR MANEJA,IDTO,48,1,0
1416,ABB INDONESIA PT SAKTI,EXP,794,1,0
1417,TTK PRESTIGE,RW,93,1,0
1418,BHARAT OMAN REFINERIES A/C EIL,RN,12980,1,0
1419,ABB TAIWAN,EXP,369,1,0
1420,LNV TECHNOLOGY,RC,520,1,0
1421,BHANDARI ENTERPRISES A/C CESC,RE,725,0,0
1422,BHANDARI ENTERPRISES A/C CESC,RE,992,0,0
1423,INNOTECH,RS,205,0,1
1424,SHIRDI SAI ELECTRICALS,RS,10630,0,0
1425,BAJAJ ELECTRICALS A/C WBSETCL,RW,2500,0,0
1426,ABB ROMANIA,EXP,153,1,0
1427,INELEC ENGINEERS,RS,112,1,0
1428,INELEC ENGINEERS,RS,112,1,0
1429,INELEC ENGINEERS,RS,2700,1,0
1430,ABB LIMITED A/C IAPI A/C HZL ZAWAR MINES,IDTO,1280,1,0
1431,GE T&D LIMITED AC CPCL,RN,1390,1,0
1432,CARBORUNDUM,RS,5200,1,0
1433,SPECTRUM,RS,55,0,0
1434,ENARAYAN,RS,55,1,0
1435,ABB GERMANY,EXP,47,1,0
1436,ABB SWITZERLAND,EXP,600,1,0
1437,AGS POWER SOLUTIONS,RW,1256,1,1
1438,FL SMIDTH PVT LIMITED,RC,910,1,0
1439,LECON ENERGETICS,RS,100,1,0
1440,ABB SOUTH AFRICA,EXP,600,1,0
1441,VAMAN AUTOMATION,RC,28,1,0
1442,BNC POWER PROJECTS LIMITED A/C MSETCL,RW,12780,0,0
1443,NEW INDIA ELECTRICALS,RS,219,1,0
1444,VEDANTA LIMITED A/C STERLITE,RC,2120,1,1
1445,ABB LIMITED A/C PGHVS A/C MCPI,IDTO,200,0,1
1446,SIEL CHEMICAL COMPLEX,RN,82,1,0
1447,ABB INDIA LIMITED A/C IA OG A/C LnT BPCL,IDTO,4600,1,1
1448,ABB SOUTH AFRICA,EXP,110,1,0
1449,MUDBHARY JOSHI SHANDONG,EXP,4600,1,0
1450,ABB SWITZERLAND,EXP,2700,1,0
1451,SHREE CEMENT LIMITED,RN,500,1,0
1452,INELEC ENGINEERS,RS,588,1,0
1453,ABB ABU DHABI,EXP,159,1,0
1454,ABB SWEDEN,EXP,211,1,0
1455,ABB UK,EXP,149,1,0
1456,ABB UK,EXP,63,1,0
1457,SPECTRUM CONSULTANTS,RS,217,0,0
1458,LNV TECHNOLOGY,RC,600,1,0
1459,ABHINAV ENTERPRISES A/C JAIDEEP ISPAT,RW,853,1,1
1460,HARTEK POWER PRIVATE LIMITED,RN,3600,0,0
1461,LECON ENERGETICS,RS,82,1,0
1462,EAST INDIA UDYOG LIMITED,RN,8000,0,0
1463,ABB SOUTH AFRICA A/C CHEMAF,EXP,1440,1,0
1464,ABB TURKEY,EXP,104,1,0
1465,ABB TURKEY,EXP,271,1,0
1466,ABB TURKEY,EXP,1440,1,0
1467,ABB TURKEY,EXP,2200,1,0
1468,ABB TURKEY,EXP,7857,1,0
1469,DUBEY TRADING ENGINEERS,RN,70,1,0
1470,JYOTI ELECTRICALS,RS,365,0,0
1471,JYOTI ELECTRICALS,RS,730,0,0
1472,SHIRDI SAI ELECTRICALS,RS,513,0,0
1473,PLR PROJECTS,RS,664,0,0
1474,SPML INFRA,RE,264,0,0
1475,ABB CANADA,EXP,420,1,0
1476,LEVIN ELECTRICALS,RS,828,0,0
1477,INELEC ENGINEERS,RS,305,1,0
1478,SRIVARI AGENCIES,RC,72,1,0
1479,PROMAC ENGINEERING,RS,46,1,0
1480,ARVEE ELECTRICALS ,RW,520,1,0
1481,NIKUM ENERGY,RN,24,1,0
1482,KSEB,RS,325,0,0
1483,ABB LIMITED A/C PGCIL MEERUT,RN,900,0,0
1484,SIEMENS LIMITED,RN,2500,0,0
1485,SUVIRE ELECTRIC,RC,23860,1,0
